,country_of_origin,variety,aroma,aftertaste,acidity,body,balance,moisture,specialty
1,Other,Other,8.75,8.5,8.58,8.42,8.42,0.12,Yes
2,Guatemala,Bourbon,8.42,8.42,8.42,8.33,8.42,0.0,Yes
4,Other,Other,8.25,8.25,8.5,8.42,8.33,0.12,Yes
9,Other,Other,8.08,8.5,8.5,7.67,8.42,0.1,Yes
11,Other,Other,8.25,8.17,8.33,8.08,8.17,0.0,Yes
12,Other,Other,8.08,8.33,8.42,8.0,8.08,0.0,Yes
15,Other,Other,8.0,8.58,8.17,8.17,8.0,0.0,Yes
18,Other,Other,8.42,8.08,8.17,7.92,8.0,0.1,Yes
19,Other,Other,8.17,8.0,8.17,8.08,8.33,0.0,Yes
20,Other,Other,8.0,8.08,8.5,8.25,8.0,0.0,Yes
21,Other,Caturra,8.08,8.0,8.17,8.0,8.33,0.11,Yes
22,Mexico,Other,8.17,8.17,8.0,7.83,8.17,0.13,Yes
23,Other,Other,8.25,8.17,8.17,7.83,8.17,0.0,Yes
25,Brazil,Bourbon,8.5,8.0,8.0,8.0,8.0,0.12,Yes
27,Other,Other,8.42,8.17,8.17,7.83,7.92,0.12,Yes
28,Other,Caturra,8.17,8.08,8.0,8.08,8.0,0.1,Yes
29,Taiwan,Other,8.0,8.0,8.25,8.0,8.17,0.0,Yes
32,Brazil,Bourbon,8.5,8.0,7.75,8.0,8.0,0.12,Yes
33,Other,Caturra,8.17,8.0,8.08,7.83,8.0,0.0,Yes
35,Other,Other,8.08,8.0,8.25,7.92,7.92,0.12,Yes
39,Other,Other,7.67,8.0,8.0,8.17,8.08,0.0,Yes
40,Other,Caturra,7.83,7.83,8.25,7.58,7.92,0.1,Yes
41,Brazil,Other,8.17,7.92,7.75,8.33,8.0,0.08,Yes
42,Brazil,Other,8.42,8.0,7.75,7.92,8.0,0.01,Yes
43,Taiwan,Bourbon,8.08,7.75,8.08,7.75,7.83,0.12,Yes
44,Other,Other,8.08,8.0,8.0,7.83,8.08,0.11,Yes
45,Brazil,Bourbon,8.33,8.0,8.0,7.75,8.0,0.11,Yes
47,Colombia,Caturra,7.75,7.83,8.08,8.08,8.17,0.12,Yes
48,Other,Other,7.92,7.83,8.5,7.5,7.92,0.11,Yes
49,Other,Other,8.25,7.83,8.08,8.0,7.92,0.1,Yes
53,Other,Other,8.17,7.92,8.08,7.83,7.75,0.12,Yes
54,Colombia,Caturra,8.0,8.0,8.17,7.83,8.0,0.0,Yes
55,Other,Other,8.0,7.92,8.08,7.83,8.0,0.08,Yes
57,Guatemala,Bourbon,7.83,8.0,8.17,7.83,8.0,0.12,Yes
58,Guatemala,Catuai,8.0,7.83,8.33,7.83,7.83,0.1,Yes
62,Other,Bourbon,7.92,8.0,7.92,7.75,7.83,0.1,Yes
63,Other,Bourbon,7.83,8.0,7.75,7.92,8.17,0.11,Yes
65,Other,Caturra,8.0,7.83,7.83,7.67,8.58,0.09,Yes
66,Other,Other,7.92,7.83,8.08,7.83,7.92,0.1,Yes
67,Other,Other,7.83,7.83,7.92,7.83,8.08,0.12,Yes
68,Other,Other,8.33,7.67,7.92,7.67,7.92,0.12,Yes
69,Guatemala,Bourbon,8.0,7.67,8.33,7.83,8.0,0.11,Yes
71,Other,Other,8.08,7.83,7.67,8.0,7.83,0.12,Yes
73,Brazil,Bourbon,8.0,8.0,7.67,7.75,8.0,0.11,Yes
75,Other,Other,8.0,8.0,7.83,7.83,7.75,0.1,Yes
76,Guatemala,Other,7.83,7.83,7.67,7.83,8.58,0.11,Yes
77,Other,Caturra,7.92,8.0,7.92,8.0,8.08,0.0,Yes
78,Other,Caturra,8.0,7.58,7.67,8.08,8.5,0.1,Yes
79,Other,Other,7.83,7.75,8.08,7.92,7.75,0.0,Yes
80,Other,Other,8.0,7.92,8.08,7.83,7.75,0.0,Yes
84,Colombia,Caturra,8.17,7.83,8.0,7.58,7.83,0.11,Yes
85,Colombia,Caturra,7.58,7.92,7.83,8.0,7.92,0.12,Yes
86,Other,Other,7.75,7.67,8.0,8.08,7.83,0.11,Yes
87,Guatemala,Caturra,8.25,7.67,7.92,7.75,7.67,0.0,Yes
89,Colombia,Caturra,8.17,7.58,8.08,8.0,7.75,0.0,Yes
92,Colombia,Caturra,7.83,7.75,7.75,7.83,7.83,0.11,Yes
96,Other,Other,8.17,7.75,7.75,7.67,7.75,0.11,Yes
98,Other,Catuai,7.83,7.58,7.92,7.92,7.83,0.12,Yes
99,Mexico,Typica,7.83,7.83,7.75,7.67,7.83,0.09,Yes
101,Other,Other,7.75,7.75,8.08,8.0,7.75,0.0,Yes
102,Brazil,Other,8.0,7.83,7.83,7.67,7.67,0.12,Yes
103,Mexico,Other,7.92,7.75,8.08,7.42,7.83,0.0,Yes
107,Colombia,Caturra,7.92,7.75,7.83,7.75,8.0,0.12,Yes
108,Taiwan,Typica,7.67,8.0,7.58,8.0,7.92,0.11,Yes
109,Other,Other,8.0,7.83,7.92,7.75,7.75,0.12,Yes
110,Colombia,Caturra,7.75,7.83,7.75,7.75,8.0,0.11,Yes
111,Mexico,Typica,7.75,7.75,7.83,7.5,7.92,0.11,Yes
112,Brazil,Bourbon,8.0,7.75,7.75,8.0,7.75,0.11,Yes
113,Brazil,Catuai,8.0,7.75,8.0,7.5,7.75,0.12,Yes
115,Taiwan,Typica,7.92,7.83,7.83,7.83,7.83,0.0,Yes
116,Other,Other,7.75,7.67,7.67,8.25,7.75,0.12,Yes
121,Other,Other,7.92,7.58,7.92,7.75,7.83,0.13,Yes
122,Other,Catuai,7.83,8.0,7.67,7.67,7.67,0.11,Yes
125,Other,Bourbon,7.83,7.5,8.0,7.83,7.67,0.0,Yes
126,Other,Other,7.92,7.75,7.75,7.75,7.75,0.12,Yes
127,Other,Other,7.75,7.75,7.42,8.08,7.83,0.12,Yes
128,Other,Catuai,8.08,7.67,7.83,7.5,7.92,0.1,Yes
129,Guatemala,Bourbon,7.75,7.58,8.0,7.92,7.75,0.1,Yes
130,Other,Caturra,8.17,7.83,7.17,7.83,7.75,0.12,Yes
131,Other,Other,8.08,7.75,7.83,7.58,7.67,0.1,Yes
132,Other,Other,7.67,7.75,7.75,7.67,8.58,0.08,Yes
133,Other,Catuai,8.0,7.83,7.75,7.75,7.75,0.11,Yes
135,Taiwan,Typica,8.0,7.75,7.75,7.75,7.75,0.11,Yes
136,Colombia,Caturra,7.75,7.75,7.83,7.75,7.83,0.0,Yes
137,Other,Other,7.75,7.83,8.0,7.58,7.75,0.11,Yes
138,Guatemala,Bourbon,8.0,7.67,7.83,7.67,8.0,0.11,Yes
139,Guatemala,Bourbon,7.67,7.67,8.0,7.67,7.83,0.12,Yes
140,Mexico,Typica,7.83,7.67,7.92,7.92,7.83,0.13,Yes
141,Other,Other,7.92,7.75,7.92,7.67,7.75,0.11,Yes
144,Other,Other,7.92,7.83,7.75,7.58,7.92,0.11,Yes
145,Colombia,Other,7.83,7.58,7.92,7.67,7.83,0.0,Yes
147,Other,Other,7.83,7.83,7.75,7.58,7.83,0.1,Yes
148,Guatemala,Other,7.75,7.67,7.92,7.75,7.83,0.11,Yes
149,Guatemala,Bourbon,8.0,7.67,7.58,7.58,7.67,0.09,Yes
150,Colombia,Caturra,7.67,7.58,7.75,7.58,8.5,0.0,Yes
151,Colombia,Caturra,7.75,7.83,7.75,7.58,8.0,0.0,Yes
153,Colombia,Caturra,7.67,7.83,8.0,7.58,7.92,0.0,Yes
154,Other,Bourbon,7.75,7.75,8.0,7.83,7.67,0.12,Yes
155,Colombia,Caturra,7.42,7.75,7.75,8.08,7.83,0.11,Yes
156,Brazil,Bourbon,8.0,7.75,7.75,7.58,7.75,0.12,Yes
157,Brazil,Catuai,8.5,7.5,7.75,7.5,7.83,0.11,Yes
158,Other,Caturra,7.92,7.92,7.75,7.67,7.58,0.1,Yes
159,Other,Other,7.92,7.67,7.75,7.83,7.75,0.11,Yes
160,Other,Other,7.75,7.67,7.83,7.75,7.67,0.1,Yes
161,Other,Caturra,7.92,7.83,7.83,7.58,7.58,0.11,Yes
162,Colombia,Other,8.08,7.83,7.83,7.67,7.67,0.12,Yes
163,Other,Other,7.67,7.75,7.83,7.75,7.58,0.0,Yes
164,Guatemala,Bourbon,8.17,7.67,7.83,7.67,7.83,0.11,Yes
165,Other,Other,7.92,7.67,8.0,7.67,7.75,0.11,Yes
166,Mexico,Typica,8.0,7.42,8.08,7.5,7.67,0.12,Yes
167,Mexico,Typica,7.92,7.75,7.75,7.75,7.83,0.11,Yes
171,Other,Caturra,7.58,7.83,8.0,7.67,7.58,0.1,Yes
172,Other,Other,7.67,7.83,7.58,7.83,7.83,0.0,Yes
174,Colombia,Caturra,7.92,7.67,7.92,7.67,7.75,0.0,Yes
175,Taiwan,Typica,7.83,7.75,8.0,7.5,7.75,0.11,Yes
177,Mexico,Other,7.75,7.75,7.67,7.83,7.67,0.12,Yes
179,Other,Other,7.33,7.83,7.75,7.75,7.92,0.11,Yes
180,Other,Caturra,7.92,7.75,7.67,7.67,7.75,0.1,Yes
182,Other,Catuai,7.58,7.58,7.75,7.92,7.75,0.11,Yes
184,Colombia,Caturra,7.75,8.0,7.67,8.08,7.83,0.11,Yes
185,Colombia,Caturra,7.75,7.33,7.83,7.58,8.08,0.0,Yes
186,Mexico,Typica,8.0,7.75,7.83,7.5,7.67,0.12,Yes
187,Brazil,Other,8.17,7.5,7.75,7.5,7.67,0.0,Yes
191,Taiwan,Typica,7.92,7.75,7.67,7.67,7.83,0.12,Yes
192,Other,Other,7.83,7.75,7.42,7.83,7.67,0.12,Yes
193,Colombia,Caturra,7.83,7.75,7.58,7.67,8.0,0.11,Yes
194,Guatemala,Caturra,7.75,7.58,7.92,7.75,7.75,0.11,Yes
195,Guatemala,Caturra,7.75,7.5,8.08,7.58,7.67,0.1,Yes
196,Other,Other,7.83,7.58,7.75,7.75,7.75,0.1,Yes
197,Colombia,Caturra,7.67,7.75,7.75,7.67,7.92,0.11,Yes
198,Colombia,Caturra,7.83,7.75,7.58,7.92,7.75,0.12,Yes
199,Colombia,Other,7.83,7.83,7.58,7.67,7.75,0.12,Yes
200,Colombia,Caturra,7.42,7.83,7.75,7.92,7.83,0.12,Yes
201,Other,Other,7.83,7.75,7.83,7.67,7.67,0.12,Yes
202,Other,Other,7.83,7.75,7.75,7.67,7.75,0.12,Yes
203,Guatemala,Bourbon,7.83,7.5,7.92,7.58,7.75,0.1,Yes
204,Colombia,Caturra,7.58,7.75,7.83,7.92,7.83,0.11,Yes
206,Mexico,Typica,7.83,7.67,7.83,7.5,7.75,0.12,Yes
207,Mexico,Bourbon,7.83,7.75,7.67,7.83,7.58,0.12,Yes
208,Mexico,Bourbon,7.83,7.67,7.75,7.5,7.75,0.1,Yes
209,Other,Other,8.17,7.58,7.67,7.83,7.58,0.13,Yes
210,Guatemala,Bourbon,7.75,7.58,7.83,7.67,7.75,0.13,Yes
212,Other,Caturra,7.92,7.67,7.67,7.5,7.67,0.09,Yes
213,Guatemala,Caturra,7.75,7.58,8.0,7.67,7.83,0.11,Yes
214,Guatemala,Caturra,7.75,7.58,7.92,7.67,7.67,0.1,Yes
215,Guatemala,Bourbon,7.58,7.58,7.83,7.83,7.67,0.1,Yes
216,Colombia,Caturra,8.0,7.5,7.67,8.0,7.83,0.0,Yes
217,Other,Caturra,7.67,7.83,7.5,7.67,7.83,0.12,Yes
218,Brazil,Catuai,7.67,7.75,7.67,7.83,7.75,0.0,Yes
219,Other,Caturra,7.67,7.67,7.75,7.5,8.0,0.0,Yes
220,Other,Other,7.5,7.58,7.83,7.75,7.83,0.1,Yes
221,Other,Other,7.92,7.75,7.75,7.75,7.58,0.13,Yes
222,Colombia,Other,7.67,7.67,7.42,7.83,8.58,0.12,Yes
224,Other,Other,7.58,7.75,7.75,7.75,7.83,0.08,Yes
225,Brazil,Other,7.58,7.75,7.67,7.67,8.0,0.11,Yes
226,Guatemala,Bourbon,7.92,7.67,7.67,7.83,7.92,0.11,Yes
227,Other,Bourbon,8.42,7.5,7.17,7.58,8.17,0.11,Yes
228,Colombia,Caturra,7.75,7.75,7.75,7.83,7.75,0.0,Yes
230,Other,Other,7.83,7.5,7.83,7.83,7.75,0.11,Yes
232,Colombia,Caturra,7.83,7.42,7.5,7.83,8.5,0.0,Yes
233,Taiwan,Typica,7.58,7.67,7.67,7.75,7.83,0.1,Yes
235,Colombia,Caturra,7.92,7.67,7.75,7.67,7.67,0.0,Yes
236,Guatemala,Bourbon,7.58,7.67,8.0,7.75,7.67,0.1,Yes
238,Mexico,Typica,7.67,7.67,7.75,7.67,7.75,0.11,Yes
239,Other,Other,7.92,7.83,8.0,7.92,7.92,0.09,Yes
241,Other,Other,7.83,7.67,7.75,7.33,7.75,0.11,Yes
242,Other,Caturra,7.42,7.75,7.92,7.75,7.58,0.1,Yes
243,Guatemala,Caturra,7.67,7.58,7.92,7.75,7.67,0.12,Yes
244,Colombia,Other,7.67,7.83,7.58,7.58,7.83,0.11,Yes
245,Guatemala,Bourbon,7.92,7.42,7.92,7.75,7.83,0.1,Yes
246,Guatemala,Bourbon,7.75,7.5,7.83,7.58,7.67,0.1,Yes
248,Colombia,Caturra,7.58,7.75,7.92,7.75,7.92,0.12,Yes
249,Colombia,Caturra,7.67,7.5,7.5,7.67,7.67,0.12,Yes
250,Other,Other,7.75,7.5,7.58,7.67,7.92,0.09,Yes
251,Brazil,Other,7.58,7.67,7.25,8.0,7.75,0.1,Yes
252,Colombia,Caturra,7.67,7.67,7.75,7.67,7.75,0.11,Yes
253,Other,Other,7.67,7.5,7.75,7.92,7.67,0.0,Yes
255,Other,Other,7.67,7.67,7.75,7.83,7.67,0.0,Yes
256,Other,Other,7.92,7.58,7.67,7.67,7.83,0.1,Yes
258,Brazil,Bourbon,7.5,7.58,7.5,7.58,7.5,0.0,Yes
259,Mexico,Other,7.83,7.58,7.92,7.42,7.5,0.11,Yes
260,Other,Other,7.67,7.5,7.67,7.67,7.83,0.1,Yes
261,Brazil,Bourbon,7.58,7.67,7.75,7.58,7.83,0.11,Yes
262,Taiwan,Typica,7.83,7.83,7.75,7.83,7.75,0.11,Yes
268,Colombia,Caturra,7.75,7.67,7.83,7.83,7.67,0.0,Yes
269,Taiwan,Typica,8.0,7.92,7.92,7.67,7.33,0.06,Yes
270,Colombia,Caturra,7.67,7.67,7.75,7.67,7.83,0.12,Yes
271,Mexico,Typica,7.67,7.58,7.67,7.75,7.83,0.12,Yes
272,Mexico,Typica,7.5,7.58,7.83,7.75,7.75,0.11,Yes
273,Mexico,Typica,7.75,7.83,7.92,7.75,7.67,0.0,Yes
274,Colombia,Caturra,7.92,7.5,7.83,7.58,7.67,0.0,Yes
276,Other,Caturra,7.67,7.75,7.67,7.5,7.75,0.0,Yes
277,Guatemala,Bourbon,7.75,7.5,7.75,7.83,7.58,0.11,Yes
279,Brazil,Other,7.25,7.42,8.0,7.75,7.83,0.0,Yes
280,Taiwan,Typica,7.67,7.67,7.75,7.42,7.75,0.0,Yes
282,Brazil,Bourbon,7.67,7.58,7.5,7.83,8.17,0.0,Yes
283,Other,Catuai,7.83,7.5,7.83,7.75,7.83,0.1,Yes
284,Guatemala,Bourbon,7.58,7.33,8.0,7.58,7.75,0.1,Yes
285,Brazil,Other,7.92,7.33,7.67,8.17,7.5,0.1,Yes
287,Colombia,Caturra,7.67,7.58,7.83,7.58,7.67,0.11,Yes
288,Guatemala,Bourbon,7.5,7.5,7.83,7.83,7.67,0.11,Yes
289,Mexico,Bourbon,7.67,7.67,7.42,7.67,7.5,0.1,Yes
290,Mexico,Other,7.67,7.5,7.75,7.75,7.75,0.11,Yes
291,Brazil,Other,7.83,7.58,7.67,7.5,7.58,0.12,Yes
295,Other,Other,7.75,7.5,7.58,7.75,7.75,0.11,Yes
296,Brazil,Bourbon,7.67,7.58,7.75,7.67,7.67,0.11,Yes
297,Colombia,Caturra,7.83,7.58,7.58,7.58,7.58,0.11,Yes
298,Taiwan,Typica,7.67,7.58,7.58,7.67,7.83,0.0,Yes
300,Other,Other,7.83,7.67,7.5,7.58,7.67,0.1,Yes
301,Colombia,Caturra,7.75,7.5,7.67,7.58,7.83,0.0,Yes
302,Other,Bourbon,8.0,7.58,7.75,7.33,7.5,0.12,Yes
303,Other,Other,7.83,7.83,7.67,8.0,8.17,0.12,Yes
304,Colombia,Caturra,7.67,7.67,7.92,7.5,7.67,0.0,Yes
305,Colombia,Other,7.67,7.42,7.42,8.0,8.33,0.0,Yes
306,Colombia,Caturra,7.58,7.75,7.67,7.67,7.67,0.0,Yes
307,Colombia,Caturra,7.75,7.75,7.58,7.42,8.0,0.11,Yes
309,Mexico,Caturra,7.83,7.58,7.5,7.75,7.67,0.13,Yes
310,Guatemala,Caturra,7.67,7.58,7.67,7.75,7.75,0.11,Yes
314,Brazil,Bourbon,7.67,7.5,7.67,7.67,7.5,0.11,Yes
315,Other,Other,8.08,7.67,7.58,7.25,7.67,0.11,Yes
316,Other,Caturra,7.5,7.67,7.67,8.0,8.0,0.1,Yes
317,Other,Caturra,7.67,7.67,7.67,7.83,7.58,0.1,Yes
318,Brazil,Bourbon,7.58,7.58,7.75,7.58,7.58,0.11,Yes
319,Taiwan,Caturra,7.5,7.33,7.92,7.83,7.67,0.1,Yes
322,Colombia,Caturra,7.5,7.5,7.75,7.67,7.67,0.11,Yes
323,Guatemala,Bourbon,8.0,7.33,8.0,8.0,8.0,0.1,Yes
324,Colombia,Caturra,7.83,7.67,7.58,7.58,7.67,0.0,Yes
325,Colombia,Caturra,7.67,7.67,7.67,7.33,7.75,0.0,Yes
326,Guatemala,Bourbon,7.67,7.42,7.67,8.0,7.75,0.12,Yes
327,Guatemala,Bourbon,7.83,7.33,7.67,7.67,7.83,0.11,Yes
328,Colombia,Caturra,7.75,7.58,7.83,7.17,7.75,0.11,Yes
329,Guatemala,Caturra,8.17,7.83,7.67,8.08,7.75,0.11,Yes
330,Guatemala,Bourbon,7.67,7.5,7.42,7.58,7.83,0.11,Yes
331,Mexico,Typica,7.67,7.5,7.33,7.83,8.25,0.12,Yes
332,Other,Typica,8.17,7.58,7.58,7.42,7.67,0.12,Yes
333,Guatemala,Caturra,7.67,7.33,8.0,7.67,7.67,0.1,Yes
335,Brazil,Bourbon,7.58,7.58,7.58,7.67,7.58,0.11,Yes
336,Guatemala,Caturra,7.75,7.5,7.83,7.58,7.58,0.11,Yes
338,Other,Other,7.67,7.58,7.58,7.67,7.75,0.1,Yes
339,Colombia,Caturra,7.67,7.58,7.67,7.75,7.58,0.12,Yes
340,Mexico,Caturra,7.75,7.58,7.58,7.5,7.67,0.12,Yes
341,Other,Other,7.75,7.58,7.67,7.5,7.67,0.0,Yes
342,Other,Other,7.67,7.42,7.75,7.75,7.67,0.12,Yes
343,Colombia,Caturra,7.67,7.67,7.67,7.67,7.67,0.0,Yes
344,Colombia,Caturra,7.67,7.67,7.58,7.67,7.75,0.12,Yes
345,Colombia,Caturra,7.75,7.5,7.58,7.75,7.83,0.0,Yes
346,Taiwan,Typica,7.75,7.75,7.75,7.5,7.58,0.11,Yes
347,Colombia,Caturra,7.67,7.58,7.67,7.75,7.58,0.11,Yes
348,Mexico,Typica,7.83,7.58,7.58,7.67,7.58,0.12,Yes
349,Colombia,Caturra,7.67,7.58,7.58,7.67,7.75,0.11,Yes
350,Brazil,Catuai,7.83,7.5,7.75,7.5,7.58,0.12,Yes
351,Colombia,Caturra,7.75,7.58,7.75,7.75,7.5,0.0,Yes
353,Other,Caturra,7.92,7.5,7.67,7.5,7.67,0.0,Yes
354,Colombia,Caturra,7.75,7.58,7.5,7.75,7.75,0.0,Yes
355,Guatemala,Bourbon,7.67,7.5,7.83,7.58,7.58,0.1,Yes
356,Colombia,Caturra,7.58,7.58,7.58,7.75,7.67,0.12,Yes
357,Other,Other,7.75,7.58,7.67,7.67,7.58,0.13,Yes
358,Other,Other,7.25,7.58,7.92,7.83,7.58,0.13,Yes
361,Colombia,Caturra,8.0,7.25,7.58,7.92,7.58,0.11,Yes
362,Guatemala,Caturra,7.58,7.5,7.83,7.42,7.67,0.1,Yes
363,Colombia,Caturra,7.75,7.33,7.5,7.83,7.83,0.0,Yes
364,Other,Caturra,7.67,7.67,7.5,7.67,7.67,0.1,Yes
365,Colombia,Caturra,7.58,7.42,7.67,7.75,7.67,0.0,Yes
366,Colombia,Caturra,7.58,7.58,7.75,7.58,7.75,0.11,Yes
367,Mexico,Bourbon,7.83,7.25,7.5,7.5,7.42,0.13,Yes
368,Mexico,Typica,7.67,7.67,7.75,7.58,7.5,0.11,Yes
369,Mexico,Other,7.75,7.67,7.75,7.33,7.5,0.12,Yes
370,Guatemala,Caturra,7.83,7.5,8.0,7.67,7.5,0.1,Yes
371,Colombia,Caturra,7.67,7.58,7.67,7.67,7.67,0.11,Yes
372,Guatemala,Bourbon,7.5,7.75,7.5,8.0,7.67,0.0,Yes
375,Colombia,Caturra,7.5,7.58,7.5,7.75,7.83,0.0,Yes
376,Guatemala,Bourbon,7.67,7.5,7.58,7.58,7.67,0.1,Yes
377,Colombia,Caturra,7.67,7.5,7.67,7.67,7.58,0.11,Yes
378,Other,Caturra,7.58,7.42,7.92,7.5,7.67,0.09,Yes
380,Other,Other,7.58,7.33,7.75,7.67,7.58,0.11,Yes
381,Other,Other,7.5,7.75,7.5,7.75,7.67,0.13,Yes
382,Other,Bourbon,7.58,7.75,7.58,7.75,7.67,0.11,Yes
383,Colombia,Caturra,7.58,7.58,7.67,7.58,7.67,0.12,Yes
385,Other,Bourbon,7.75,7.58,7.67,7.58,7.58,0.13,Yes
386,Colombia,Caturra,7.58,7.25,7.75,7.75,8.58,0.12,Yes
387,Guatemala,Bourbon,7.75,7.33,7.83,7.5,7.67,0.1,Yes
388,Guatemala,Caturra,7.67,7.5,7.83,7.58,7.5,0.1,Yes
389,Guatemala,Bourbon,7.67,7.75,7.42,7.75,7.75,0.11,Yes
391,Colombia,Caturra,7.5,7.58,7.5,7.67,7.75,0.11,Yes
396,Colombia,Caturra,7.75,7.75,7.58,7.58,7.58,0.0,Yes
399,Brazil,Catuai,7.5,7.33,7.58,7.58,7.92,0.1,Yes
400,Mexico,Caturra,7.75,7.5,7.67,7.5,7.58,0.12,Yes
401,Colombia,Caturra,7.67,7.42,7.83,7.83,7.42,0.11,Yes
402,Other,Other,7.75,7.67,7.58,7.58,7.58,0.12,Yes
403,Mexico,Other,7.67,7.58,7.67,7.5,7.58,0.12,Yes
404,Other,Caturra,7.67,7.42,7.67,7.67,7.67,0.12,Yes
406,Other,Catuai,7.5,7.67,7.5,7.83,7.17,0.11,Yes
408,Other,Typica,7.58,7.67,7.5,7.83,7.42,0.11,Yes
409,Colombia,Caturra,7.67,7.5,7.67,7.92,7.42,0.11,Yes
410,Guatemala,Bourbon,7.83,7.17,7.67,7.67,7.67,0.11,Yes
412,Other,Bourbon,7.75,7.33,7.5,7.5,7.75,0.0,Yes
413,Colombia,Caturra,7.5,7.67,7.58,7.67,7.58,0.0,Yes
416,Mexico,Typica,7.67,7.42,7.83,7.33,7.5,0.11,Yes
417,Other,Catuai,7.5,7.83,7.5,7.67,7.67,0.11,Yes
419,Guatemala,Other,7.5,7.42,7.83,7.67,7.58,0.11,Yes
422,Colombia,Caturra,7.58,7.67,7.17,7.75,7.83,0.0,Yes
423,Mexico,Typica,7.83,7.5,7.58,7.58,7.58,0.12,Yes
424,Taiwan,Bourbon,7.67,7.5,7.5,7.67,7.83,0.1,Yes
425,Taiwan,Typica,7.92,7.75,7.58,7.5,7.33,0.1,Yes
426,Colombia,Caturra,7.58,7.5,7.58,7.58,7.75,0.0,Yes
427,Guatemala,Caturra,7.5,7.58,7.67,7.67,7.5,0.1,Yes
428,Colombia,Caturra,7.83,7.67,7.33,7.67,7.67,0.11,Yes
429,Mexico,Bourbon,7.58,7.5,7.5,7.58,7.58,0.12,Yes
432,Mexico,Caturra,7.75,7.42,7.92,7.33,7.5,0.12,Yes
433,Guatemala,Bourbon,7.83,7.08,7.83,7.42,8.08,0.11,Yes
434,Brazil,Other,7.75,7.5,7.58,7.58,7.58,0.11,Yes
435,Colombia,Caturra,7.67,7.58,7.42,7.83,7.58,0.12,Yes
436,Colombia,Caturra,7.67,7.5,7.5,7.58,7.67,0.11,Yes
440,Brazil,Bourbon,7.67,7.5,7.58,7.67,7.58,0.11,Yes
441,Guatemala,Bourbon,7.58,7.33,7.67,7.75,7.58,0.1,Yes
442,Other,Bourbon,7.67,7.42,7.67,7.67,7.58,0.12,Yes
444,Other,Other,7.58,7.08,7.33,7.58,8.58,0.07,Yes
445,Guatemala,Caturra,7.67,7.42,7.75,7.58,7.5,0.11,Yes
446,Other,Catuai,7.67,7.5,7.67,7.5,7.67,0.11,Yes
447,Other,Other,7.5,7.33,7.67,7.67,7.67,0.11,Yes
448,Other,Other,7.67,7.5,7.67,7.42,7.58,0.1,Yes
449,Other,Bourbon,7.5,7.33,7.67,8.0,7.67,0.0,Yes
450,Guatemala,Bourbon,7.5,7.5,7.83,7.58,7.5,0.11,Yes
451,Guatemala,Bourbon,7.92,7.42,7.75,7.5,7.5,0.12,Yes
452,Other,Other,7.83,7.67,7.75,7.83,8.5,0.1,Yes
454,Other,Other,7.58,7.67,7.58,7.42,7.58,0.13,Yes
455,Colombia,Caturra,7.58,7.5,7.67,7.5,7.67,0.0,Yes
456,Other,Other,8.0,7.5,7.42,7.33,7.58,0.1,Yes
458,Other,Catuai,7.5,7.5,7.67,7.67,7.67,0.1,Yes
459,Other,Caturra,7.67,7.5,7.67,7.5,7.67,0.11,Yes
460,Guatemala,Catuai,7.33,7.17,8.17,7.33,7.67,0.09,Yes
462,Other,Bourbon,7.58,7.58,7.75,7.58,7.58,0.12,Yes
463,Guatemala,Bourbon,7.67,7.33,7.67,7.5,7.67,0.11,Yes
464,Mexico,Typica,7.75,7.58,7.58,7.5,7.42,0.11,Yes
465,Mexico,Typica,7.75,7.58,7.5,7.42,7.58,0.12,Yes
466,Mexico,Other,7.58,7.42,7.67,7.5,7.58,0.14,Yes
467,Colombia,Caturra,7.67,7.5,7.5,7.58,8.17,0.11,Yes
468,Mexico,Typica,7.75,7.42,7.75,7.58,7.58,0.13,Yes
469,Colombia,Caturra,7.58,7.5,7.58,7.67,7.67,0.11,Yes
470,Mexico,Typica,7.5,7.58,7.58,7.67,7.5,0.11,Yes
471,Brazil,Other,7.75,7.58,7.5,7.58,7.58,0.12,Yes
472,Brazil,Other,7.92,7.5,7.58,7.42,7.5,0.11,Yes
473,Guatemala,Bourbon,7.75,7.67,7.5,7.92,8.0,0.0,Yes
474,Brazil,Other,7.75,7.58,7.5,7.75,7.5,0.12,Yes
478,Colombia,Caturra,7.58,7.33,7.67,7.75,7.58,0.0,Yes
480,Brazil,Other,7.58,7.58,7.5,7.67,7.58,0.11,Yes
481,Brazil,Other,7.33,7.67,7.33,7.75,7.42,0.0,Yes
482,Taiwan,Typica,7.83,7.5,7.83,7.67,7.25,0.0,Yes
484,Brazil,Bourbon,7.58,7.67,7.42,7.42,7.5,0.0,Yes
485,Other,Catuai,7.83,7.5,7.67,7.58,7.67,0.1,Yes
487,Taiwan,Typica,7.75,7.5,7.5,7.5,7.5,0.11,Yes
489,Mexico,Other,7.75,7.42,7.75,7.5,7.5,0.1,Yes
492,Colombia,Caturra,7.33,7.33,7.58,7.25,8.08,0.01,Yes
496,Brazil,Bourbon,7.58,7.5,7.75,7.67,7.5,0.0,Yes
497,Brazil,Bourbon,7.5,7.58,7.67,7.58,7.5,0.11,Yes
498,Brazil,Bourbon,7.5,7.58,7.67,7.58,7.42,0.11,Yes
499,Other,Bourbon,7.67,7.42,7.42,7.83,7.5,0.12,Yes
500,Other,Bourbon,7.67,7.5,7.58,7.42,7.5,0.12,Yes
502,Other,Caturra,7.75,7.58,7.58,7.42,7.67,0.0,Yes
503,Guatemala,Catuai,7.67,7.33,7.92,7.42,7.5,0.11,Yes
504,Guatemala,Catuai,7.75,7.33,7.75,7.5,7.42,0.11,Yes
505,Guatemala,Bourbon,7.83,7.25,7.67,7.75,7.5,0.11,Yes
506,Brazil,Catuai,7.67,7.67,7.5,7.42,7.5,0.0,Yes
507,Taiwan,Typica,7.92,7.83,7.58,7.33,7.25,0.08,Yes
508,Other,Other,7.83,7.5,7.5,7.58,7.5,0.12,Yes
509,Other,Other,7.67,7.67,7.83,7.75,7.83,0.0,Yes
510,Guatemala,Bourbon,7.67,7.42,7.83,7.5,7.5,0.1,Yes
511,Other,Catuai,7.67,7.5,7.58,7.5,7.5,0.11,Yes
512,Brazil,Other,7.75,7.42,7.67,7.42,7.67,0.12,Yes
513,Colombia,Caturra,7.75,7.33,7.5,7.58,7.17,0.11,Yes
514,Colombia,Caturra,7.83,7.58,7.33,7.5,7.67,0.0,Yes
515,Colombia,Caturra,7.33,7.75,7.42,7.75,7.58,0.11,Yes
516,Colombia,Caturra,7.58,7.42,7.67,7.58,7.42,0.0,Yes
517,Colombia,Caturra,7.5,7.42,7.58,7.75,7.58,0.11,Yes
518,Mexico,Typica,7.67,7.42,7.5,7.67,7.58,0.11,Yes
519,Mexico,Typica,7.67,7.5,7.58,7.58,7.67,0.11,Yes
520,Mexico,Bourbon,7.5,7.5,7.5,7.58,7.58,0.11,Yes
522,Colombia,Caturra,7.75,7.5,7.67,7.83,7.75,0.0,Yes
523,Colombia,Caturra,7.67,7.58,7.58,7.67,7.42,0.11,Yes
524,Guatemala,Bourbon,7.5,7.5,7.67,7.5,7.83,0.1,Yes
525,Colombia,Caturra,7.67,7.58,7.5,7.67,7.42,0.12,Yes
533,Brazil,Bourbon,7.67,7.5,7.58,7.58,7.5,0.0,Yes
534,Other,Bourbon,7.5,7.75,7.58,7.92,7.83,0.0,Yes
535,Colombia,Caturra,7.58,7.5,7.33,7.67,7.58,0.11,Yes
536,Taiwan,Caturra,7.17,7.25,7.67,7.67,7.58,0.09,Yes
537,Other,Other,7.58,7.5,7.5,7.58,7.58,0.0,Yes
538,Taiwan,Typica,7.5,7.67,7.33,7.5,7.75,0.0,Yes
539,Other,Other,7.58,7.67,7.58,7.5,7.5,0.11,Yes
540,Other,Other,8.08,7.67,7.42,7.33,7.5,0.0,Yes
541,Mexico,Typica,7.83,7.25,7.58,7.5,7.5,0.13,Yes
542,Mexico,Bourbon,7.75,7.42,7.42,7.75,7.5,0.12,Yes
543,Brazil,Other,7.08,7.5,7.83,7.75,7.67,0.11,Yes
544,Other,Other,8.0,7.5,7.58,7.33,7.42,0.12,Yes
545,Other,Other,7.75,7.58,7.5,7.5,7.5,0.12,Yes
546,Guatemala,Bourbon,7.75,7.42,7.58,7.67,7.5,0.1,Yes
547,Guatemala,Caturra,7.67,7.42,7.5,7.33,7.5,0.1,Yes
549,Colombia,Caturra,7.58,7.75,7.33,7.58,7.58,0.11,Yes
550,Colombia,Caturra,7.75,7.25,7.5,7.75,7.5,0.0,Yes
551,Guatemala,Bourbon,7.83,7.25,7.92,7.5,7.17,0.11,Yes
552,Colombia,Other,7.83,7.42,7.42,7.5,7.58,0.11,Yes
553,Mexico,Typica,7.58,7.33,7.25,7.58,7.75,0.1,Yes
554,Other,Other,7.67,7.17,7.58,8.08,7.42,0.0,Yes
555,Mexico,Typica,8.0,7.67,7.17,7.67,7.42,0.14,Yes
559,Other,Other,7.75,7.42,7.58,7.5,7.5,0.1,Yes
560,Guatemala,Bourbon,7.5,7.33,7.67,7.58,7.58,0.11,Yes
561,Brazil,Other,7.67,7.58,7.5,7.5,7.42,0.11,Yes
562,Other,Other,7.33,7.67,7.83,7.33,7.67,0.0,Yes
563,Other,Bourbon,7.83,7.75,7.83,7.75,7.75,0.11,Yes
564,Other,Other,7.25,7.5,7.42,7.75,7.42,0.11,Yes
565,Guatemala,Bourbon,7.58,7.33,7.67,7.67,7.5,0.11,Yes
566,Brazil,Catuai,7.58,7.33,7.67,7.42,7.33,0.12,Yes
567,Colombia,Other,7.83,7.5,7.58,7.5,7.67,0.0,Yes
568,Other,Other,7.42,7.25,7.5,7.75,7.75,0.0,Yes
569,Guatemala,Bourbon,7.67,7.75,7.67,7.42,7.17,0.1,Yes
570,Colombia,Typica,7.5,7.58,7.5,7.58,7.58,0.0,Yes
571,Colombia,Caturra,7.83,7.5,7.42,7.5,7.5,0.11,Yes
572,Other,Other,7.67,7.33,7.25,7.58,7.75,0.11,Yes
573,Mexico,Caturra,7.58,7.5,7.58,7.5,7.5,0.12,Yes
574,Mexico,Bourbon,7.67,7.42,7.75,7.42,7.42,0.12,Yes
575,Guatemala,Bourbon,7.67,7.33,7.5,7.33,7.92,0.11,Yes
576,Mexico,Typica,7.58,7.5,7.42,7.67,7.58,0.11,Yes
578,Guatemala,Caturra,7.5,7.42,7.67,7.58,7.5,0.1,Yes
579,Guatemala,Caturra,7.58,7.5,7.58,7.5,7.42,0.11,Yes
580,Guatemala,Bourbon,7.5,7.17,7.67,7.67,7.58,0.11,Yes
581,Guatemala,Bourbon,7.5,7.42,7.58,7.67,7.5,0.1,Yes
582,Guatemala,Bourbon,7.42,7.42,7.67,7.5,7.5,0.1,Yes
583,Other,Other,7.5,7.42,7.58,7.58,7.5,0.12,Yes
584,Guatemala,Bourbon,7.58,7.33,7.58,7.33,7.67,0.12,Yes
585,Taiwan,Other,7.83,7.33,7.67,7.58,7.67,0.0,Yes
586,Other,Bourbon,7.67,7.17,7.33,7.58,7.67,0.0,Yes
587,Other,Caturra,7.58,7.42,7.67,7.42,7.5,0.09,Yes
588,Other,Caturra,7.58,7.42,7.58,7.5,7.5,0.09,Yes
589,Brazil,Other,7.5,7.58,7.5,7.58,7.58,0.11,Yes
590,Other,Other,7.67,7.33,7.33,7.67,7.67,0.1,Yes
591,Other,Other,7.5,7.42,7.67,7.5,7.5,0.11,Yes
592,Colombia,Caturra,7.5,7.58,7.75,7.33,7.5,0.0,Yes
593,Other,Other,7.75,7.42,7.5,7.33,7.5,0.12,Yes
594,Guatemala,Other,7.75,7.25,7.75,7.5,7.67,0.13,Yes
595,Colombia,Typica,7.67,7.42,7.58,7.33,7.67,0.12,Yes
598,Colombia,Caturra,7.58,7.17,7.33,7.25,8.58,0.1,Yes
599,Mexico,Typica,7.58,7.5,7.5,7.5,7.5,0.12,Yes
600,Mexico,Typica,7.58,7.33,7.75,7.25,7.58,0.12,Yes
601,Mexico,Typica,8.08,8.0,8.0,7.83,7.92,0.12,Yes
602,Colombia,Caturra,7.5,7.42,7.67,7.5,7.58,0.0,Yes
603,Colombia,Caturra,7.67,7.58,7.58,7.5,7.42,0.11,Yes
605,Other,Catuai,7.42,7.5,7.58,7.5,7.75,0.0,Yes
607,Brazil,Bourbon,7.5,7.25,7.75,7.58,7.5,0.0,Yes
608,Brazil,Bourbon,7.5,7.5,7.67,7.5,7.42,0.11,Yes
609,Other,Other,7.67,7.42,7.42,7.42,7.5,0.13,Yes
610,Other,Other,7.67,7.67,7.67,7.5,7.67,0.0,Yes
613,Brazil,Other,7.58,7.42,7.67,7.5,7.5,0.0,Yes
615,Other,Other,7.5,7.5,7.5,7.5,7.58,0.12,Yes
616,Other,Bourbon,7.58,7.5,7.58,7.33,7.58,0.12,Yes
617,Taiwan,Typica,8.0,7.83,7.42,7.25,7.25,0.08,Yes
618,Mexico,Typica,7.67,7.42,7.5,7.42,7.5,0.11,Yes
619,Other,Other,7.67,7.33,7.67,7.5,7.5,0.12,Yes
620,Taiwan,Typica,7.67,7.5,7.5,7.5,7.5,0.11,Yes
621,Other,Caturra,7.42,7.5,7.67,7.58,7.5,0.11,Yes
622,Colombia,Caturra,7.75,7.67,7.25,7.58,7.42,0.11,Yes
624,Guatemala,Caturra,7.67,7.17,7.67,7.5,7.5,0.11,Yes
626,Mexico,Other,7.58,7.42,7.58,7.42,7.5,0.11,Yes
627,Mexico,Typica,7.5,7.58,7.58,7.42,7.42,0.12,Yes
630,Mexico,Other,7.75,7.25,7.75,7.67,7.58,0.0,Yes
633,Guatemala,Bourbon,7.5,7.42,7.75,7.5,7.5,0.1,Yes
634,Taiwan,Typica,7.67,7.5,7.42,7.58,7.5,0.11,Yes
638,Other,Typica,7.83,7.42,7.33,7.42,7.5,0.13,Yes
640,Other,Caturra,7.42,7.58,7.42,7.58,7.5,0.12,Yes
641,Other,Other,7.75,7.33,7.5,7.58,7.5,0.12,Yes
642,Other,Other,7.83,7.42,7.58,7.42,7.42,0.12,Yes
643,Other,Catuai,7.67,7.5,7.67,7.0,7.75,0.11,Yes
646,Colombia,Caturra,7.75,7.33,7.42,7.5,7.83,0.11,Yes
647,Colombia,Caturra,7.75,7.75,7.25,7.33,7.58,0.11,Yes
648,Colombia,Caturra,7.58,7.42,7.58,7.67,7.42,0.11,Yes
649,Mexico,Typica,7.5,7.5,7.5,7.42,7.5,0.1,Yes
650,Mexico,Typica,7.67,7.58,7.75,7.67,6.83,0.12,Yes
651,Colombia,Caturra,7.33,7.58,7.42,7.67,7.5,0.11,Yes
652,Brazil,Other,7.58,7.33,7.75,7.5,7.5,0.0,Yes
653,Brazil,Bourbon,7.5,7.5,7.5,7.58,7.5,0.11,Yes
654,Other,Other,7.83,7.25,7.5,7.42,7.33,0.11,Yes
655,Other,Caturra,7.58,7.33,7.5,7.5,7.5,0.1,Yes
656,Guatemala,Bourbon,7.5,7.33,7.5,7.67,7.5,0.1,Yes
658,Other,Caturra,7.33,7.5,7.5,7.67,7.5,0.11,Yes
659,Other,Other,7.67,7.33,7.58,7.5,7.5,0.12,Yes
661,Mexico,Other,7.42,7.5,7.67,7.25,7.5,0.0,Yes
662,Brazil,Other,7.42,7.67,7.33,7.42,7.67,0.11,Yes
663,Guatemala,Bourbon,7.83,7.33,7.67,7.42,7.5,0.12,Yes
664,Colombia,Caturra,7.5,7.42,7.42,7.58,7.58,0.11,Yes
665,Guatemala,Bourbon,7.83,7.17,7.33,7.5,7.67,0.11,Yes
666,Mexico,Typica,7.5,7.5,7.5,7.42,7.42,0.13,Yes
667,Mexico,Typica,7.67,7.33,7.67,7.5,7.33,0.12,Yes
668,Mexico,Typica,7.92,7.33,7.58,7.25,7.42,0.11,Yes
670,Brazil,Bourbon,7.67,7.33,7.67,7.5,7.5,0.0,Yes
671,Colombia,Caturra,7.67,7.33,7.5,7.25,7.67,0.11,Yes
674,Other,Other,7.42,7.17,7.58,7.58,7.5,0.12,No
675,Guatemala,Bourbon,7.58,7.33,7.75,7.33,7.5,0.1,No
676,Guatemala,Bourbon,7.67,7.25,7.67,7.42,7.33,0.12,No
677,Guatemala,Bourbon,7.58,7.25,7.67,7.5,7.5,0.12,No
679,Colombia,Caturra,5.08,7.83,7.75,7.83,8.08,0.11,No
680,Other,Other,7.67,7.42,7.5,7.42,7.42,0.1,No
682,Other,Other,7.67,7.42,7.42,7.67,7.42,0.13,No
683,Brazil,Other,7.17,7.33,7.5,7.75,7.42,0.0,No
684,Guatemala,Caturra,7.5,7.5,7.67,7.42,7.5,0.1,No
685,Mexico,Typica,7.42,7.42,7.58,7.42,7.5,0.11,No
686,Brazil,Catuai,7.58,7.33,7.5,7.5,7.42,0.12,No
688,Brazil,Other,7.25,7.25,7.5,7.42,7.5,0.0,No
689,Mexico,Bourbon,7.5,7.5,7.92,7.42,7.67,0.12,No
691,Colombia,Caturra,7.67,7.33,7.5,7.58,7.5,0.11,No
692,Mexico,Typica,7.5,7.42,7.67,7.42,7.58,0.12,No
693,Mexico,Typica,7.42,7.5,7.42,7.58,7.5,0.13,No
694,Mexico,Typica,7.42,7.33,7.58,7.5,7.5,0.14,No
695,Mexico,Caturra,7.75,7.25,7.58,7.58,7.33,0.13,No
696,Mexico,Typica,7.5,7.33,7.5,7.5,7.5,0.11,No
697,Mexico,Other,7.58,7.17,7.5,7.5,7.5,0.14,No
698,Mexico,Caturra,7.58,7.33,7.58,7.5,7.5,0.11,No
699,Mexico,Bourbon,7.67,7.33,7.42,7.58,7.33,0.13,No
700,Mexico,Typica,7.83,7.42,7.67,7.17,7.33,0.12,No
701,Colombia,Caturra,7.67,7.25,7.42,7.5,7.67,0.0,No
703,Colombia,Caturra,7.33,7.17,7.58,7.42,7.58,0.0,No
705,Other,Caturra,7.5,7.33,7.5,7.42,7.42,0.1,No
706,Brazil,Catuai,7.33,7.5,7.33,7.5,7.5,0.11,No
708,Brazil,Bourbon,7.5,7.42,7.5,7.42,7.5,0.11,No
709,Other,Caturra,7.75,7.25,7.25,7.42,7.67,0.1,No
710,Other,Catuai,7.75,7.5,7.5,7.33,7.58,0.0,No
711,Other,Other,7.5,7.42,7.5,7.42,7.42,0.12,No
712,Brazil,Bourbon,8.25,7.25,8.33,8.17,8.08,0.07,No
714,Guatemala,Bourbon,7.5,7.17,7.83,7.5,7.5,0.1,No
715,Other,Other,7.33,7.42,7.58,7.33,7.5,0.12,No
716,Brazil,Bourbon,7.75,7.67,8.08,8.08,8.0,0.11,No
717,Guatemala,Other,7.58,7.5,7.58,7.75,7.5,0.12,No
719,Colombia,Caturra,7.42,7.5,7.17,7.08,8.33,0.1,No
720,Taiwan,Typica,7.5,7.5,7.5,7.5,7.5,0.11,No
721,Taiwan,Typica,7.5,7.5,7.5,7.5,7.5,0.11,No
722,Guatemala,Bourbon,7.5,7.58,7.5,7.5,7.58,0.12,No
723,Colombia,Caturra,7.5,7.5,7.5,7.5,7.58,0.0,No
724,Mexico,Typica,7.67,7.42,7.5,7.42,7.42,0.12,No
726,Guatemala,Bourbon,7.67,7.33,7.67,7.5,7.33,0.11,No
727,Mexico,Typica,7.58,7.58,7.33,7.0,7.58,0.15,No
728,Mexico,Bourbon,7.67,7.5,7.58,7.5,7.5,0.13,No
729,Guatemala,Bourbon,7.5,7.33,7.5,7.33,7.5,0.1,No
730,Brazil,Other,7.58,7.42,7.5,7.5,7.42,0.12,No
731,Mexico,Typica,8.0,7.33,7.33,7.08,7.67,0.11,No
732,Brazil,Other,7.58,7.25,7.58,7.42,7.5,0.11,No
733,Colombia,Caturra,7.83,7.33,7.25,7.58,7.42,0.0,No
734,Brazil,Catuai,7.58,7.25,7.42,7.67,7.33,0.09,No
736,Guatemala,Other,7.67,7.25,7.67,7.42,7.42,0.11,No
737,Brazil,Other,7.42,7.5,7.08,7.5,7.42,0.0,No
738,Other,Bourbon,7.58,7.5,7.67,7.83,8.42,0.12,No
739,Other,Catuai,7.58,7.42,7.58,7.42,7.42,0.11,No
740,Other,Other,7.58,7.33,7.42,7.58,7.5,0.13,No
741,Brazil,Bourbon,7.75,7.42,7.42,7.33,7.33,0.11,No
742,Taiwan,Typica,7.5,7.5,7.5,7.5,7.5,0.11,No
743,Mexico,Other,7.58,7.42,7.42,7.42,7.42,0.12,No
745,Mexico,Bourbon,7.58,7.5,7.17,7.42,7.42,0.16,No
746,Guatemala,Bourbon,7.5,7.33,7.58,7.67,7.33,0.11,No
747,Mexico,Bourbon,7.5,7.42,7.67,7.33,7.42,0.13,No
748,Mexico,Typica,7.67,7.33,7.5,7.42,7.42,0.12,No
750,Mexico,Typica,7.33,7.42,7.67,7.33,7.5,0.11,No
751,Mexico,Typica,7.42,7.42,7.58,7.42,7.5,0.1,No
752,Colombia,Caturra,7.5,7.67,7.33,7.58,7.33,0.12,No
753,Colombia,Caturra,7.67,7.33,7.33,7.5,7.5,0.11,No
756,Brazil,Bourbon,7.42,7.5,7.42,7.42,7.5,0.11,No
757,Other,Caturra,7.5,7.17,7.42,7.5,7.5,0.11,No
759,Other,Bourbon,7.58,7.42,7.33,7.5,7.42,0.13,No
760,Other,Other,7.42,7.42,7.5,7.5,7.33,0.12,No
761,Brazil,Other,6.92,7.42,7.33,7.83,7.5,0.0,No
763,Other,Catuai,7.67,7.25,7.42,7.58,7.42,0.11,No
764,Guatemala,Bourbon,7.42,7.5,7.5,7.42,7.5,0.09,No
766,Other,Other,7.75,7.42,7.58,7.33,7.42,0.12,No
767,Mexico,Other,7.42,7.17,7.42,7.33,8.17,0.12,No
768,Mexico,Other,7.5,7.33,7.42,7.5,7.42,0.1,No
769,Taiwan,Typica,7.5,7.5,7.5,7.5,7.5,0.11,No
770,Taiwan,Typica,7.67,7.5,7.17,7.17,7.58,0.0,No
771,Colombia,Caturra,7.33,7.25,7.58,7.75,7.5,0.0,No
772,Mexico,Typica,7.5,7.0,7.5,7.33,7.5,0.15,No
773,Guatemala,Caturra,7.25,7.0,7.75,8.17,7.75,0.12,No
774,Mexico,Typica,7.5,7.25,7.5,7.5,7.33,0.12,No
775,Mexico,Typica,7.0,7.5,7.5,7.42,7.5,0.1,No
777,Other,Bourbon,7.5,7.42,7.42,7.5,7.42,0.15,No
779,Brazil,Bourbon,7.42,7.42,7.5,7.42,7.25,0.11,No
780,Brazil,Other,7.25,7.58,7.58,7.25,7.92,0.0,No
781,Other,Caturra,7.75,7.42,7.25,7.17,7.42,0.0,No
782,Other,Bourbon,7.42,7.42,7.42,7.5,7.58,0.12,No
783,Other,Other,7.42,7.5,7.33,7.33,7.5,0.12,No
785,Other,Caturra,7.58,7.33,7.33,7.5,7.67,0.11,No
787,Mexico,Typica,7.42,7.5,7.33,7.42,7.42,0.13,No
788,Mexico,Typica,7.5,7.42,7.5,7.25,7.5,0.13,No
789,Mexico,Typica,7.67,7.25,7.58,7.42,7.33,0.11,No
790,Other,Other,7.67,7.17,7.08,7.67,7.08,0.12,No
791,Mexico,Typica,7.58,7.25,7.75,7.33,7.42,0.11,No
794,Other,Caturra,7.5,7.17,7.5,7.5,7.42,0.12,No
795,Other,Caturra,7.5,7.25,7.33,7.42,7.5,0.1,No
796,Brazil,Bourbon,7.5,7.42,7.5,7.33,7.42,0.11,No
797,Other,Other,7.67,7.33,7.42,7.42,7.42,0.13,No
798,Other,Other,7.42,7.25,7.33,7.5,7.5,0.12,No
799,Other,Other,7.42,7.33,7.58,7.33,7.42,0.12,No
800,Other,Other,7.5,7.33,7.58,7.33,7.5,0.13,No
801,Taiwan,Typica,7.33,7.17,7.42,7.5,7.33,0.09,No
803,Other,Catuai,7.5,7.33,7.33,7.75,7.5,0.1,No
804,Other,Caturra,7.33,7.33,7.5,7.5,7.83,0.11,No
805,Colombia,Caturra,7.33,7.58,7.5,7.5,7.58,0.11,No
806,Taiwan,Typica,7.42,7.33,7.42,8.0,7.5,0.12,No
807,Brazil,Other,7.33,7.42,7.17,7.33,7.42,0.11,No
808,Mexico,Typica,7.67,7.25,7.5,7.42,7.42,0.12,No
809,Brazil,Other,7.42,7.33,7.5,7.33,7.5,0.12,No
810,Brazil,Catuai,7.42,7.25,7.5,7.5,7.42,0.11,No
812,Brazil,Other,7.58,7.17,7.5,7.5,7.42,0.12,No
813,Guatemala,Bourbon,7.75,7.33,7.42,7.75,7.67,0.0,No
814,Colombia,Caturra,7.33,7.08,7.42,7.5,7.67,0.07,No
815,Guatemala,Bourbon,7.58,7.25,7.58,7.58,7.5,0.1,No
816,Guatemala,Bourbon,7.5,7.25,7.42,7.42,7.42,0.11,No
817,Other,Caturra,7.58,7.25,7.33,7.42,7.5,0.12,No
818,Brazil,Catuai,7.42,7.33,7.5,7.5,7.33,0.11,No
819,Other,Bourbon,7.67,7.33,7.5,7.5,7.67,0.11,No
820,Guatemala,Catuai,7.58,7.17,7.83,7.17,7.33,0.11,No
821,Other,Other,7.33,7.33,7.42,7.5,7.58,0.12,No
823,Other,Other,7.67,7.42,7.33,7.75,7.42,0.0,No
825,Taiwan,Typica,7.5,7.42,7.25,7.5,7.5,0.11,No
826,Mexico,Bourbon,7.58,7.25,7.58,7.5,7.25,0.12,No
827,Mexico,Typica,7.5,7.25,7.25,7.5,7.5,0.13,No
828,Mexico,Other,7.5,7.25,7.5,7.33,7.33,0.14,No
829,Mexico,Other,7.33,7.17,7.58,7.42,7.33,0.12,No
830,Mexico,Bourbon,7.67,7.33,7.83,7.5,7.5,0.12,No
831,Brazil,Other,7.42,7.25,7.5,7.33,7.5,0.12,No
833,Guatemala,Bourbon,7.42,7.25,7.5,7.33,7.42,0.1,No
834,Other,Catuai,7.25,7.5,7.33,7.67,7.42,0.0,No
835,Brazil,Other,7.42,7.42,7.5,7.42,7.25,0.11,No
836,Other,Other,7.75,7.58,7.75,7.92,7.83,0.11,No
837,Guatemala,Bourbon,7.58,7.33,7.42,7.58,7.25,0.1,No
838,Brazil,Other,7.17,6.83,7.5,7.75,7.25,0.0,No
839,Brazil,Other,7.58,6.92,6.92,7.67,7.5,0.0,No
840,Other,Catuai,7.33,7.5,7.42,7.33,7.33,0.0,No
841,Mexico,Catuai,7.58,7.33,7.5,7.17,7.33,0.11,No
842,Other,Catuai,7.5,7.33,7.5,7.42,7.25,0.12,No
843,Other,Caturra,7.67,7.5,7.25,7.08,7.42,0.09,No
844,Taiwan,Typica,7.67,7.17,7.25,7.75,7.33,0.0,No
845,Other,Typica,7.42,7.42,7.33,7.42,7.42,0.11,No
846,Other,Other,7.58,7.33,7.33,7.33,7.42,0.13,No
847,Brazil,Bourbon,7.33,7.25,7.17,7.83,7.33,0.11,No
848,Other,Caturra,7.5,7.33,7.33,7.33,7.33,0.1,No
849,Mexico,Typica,7.42,7.25,7.5,7.33,7.42,0.11,No
850,Colombia,Caturra,7.5,7.0,7.42,7.5,7.58,0.0,No
852,Brazil,Bourbon,7.75,7.5,7.42,7.83,7.75,0.12,No
853,Guatemala,Bourbon,7.83,7.33,7.33,7.67,7.83,0.11,No
854,Mexico,Bourbon,7.83,7.25,7.58,7.25,7.33,0.12,No
855,Mexico,Typica,7.33,7.25,7.5,7.5,7.5,0.12,No
856,Brazil,Other,7.33,7.25,7.5,7.5,7.25,0.02,No
859,Guatemala,Bourbon,7.5,7.25,7.42,7.42,7.33,0.11,No
860,Other,Caturra,7.0,7.33,7.5,7.5,7.33,0.12,No
861,Other,Other,7.42,7.42,7.42,7.33,7.33,0.12,No
863,Mexico,Bourbon,7.5,7.33,7.42,7.25,7.25,0.13,No
864,Mexico,Other,7.42,7.17,7.67,7.33,7.42,0.13,No
865,Mexico,Typica,7.42,7.33,7.58,7.33,7.33,0.11,No
866,Mexico,Caturra,7.33,7.33,7.67,7.42,7.25,0.12,No
867,Mexico,Typica,7.5,7.25,7.33,7.67,7.25,0.12,No
868,Colombia,Caturra,7.33,7.33,7.33,7.5,7.67,0.0,No
870,Brazil,Bourbon,7.42,7.25,7.5,7.5,7.25,0.11,No
871,Guatemala,Bourbon,7.42,7.08,7.42,7.33,7.42,0.1,No
872,Guatemala,Bourbon,7.42,7.17,7.67,7.33,7.42,0.12,No
873,Other,Catuai,7.58,7.33,7.33,7.42,7.25,0.11,No
877,Brazil,Other,7.25,6.92,7.42,7.5,7.58,0.0,No
878,Other,Other,7.42,7.25,7.42,7.5,7.42,0.12,No
879,Other,Other,7.33,7.5,7.25,7.42,7.33,0.12,No
880,Brazil,Bourbon,7.25,7.25,7.5,7.5,7.42,0.1,No
882,Other,Caturra,7.5,7.5,7.5,7.17,7.17,0.1,No
883,Other,Caturra,7.5,7.17,7.17,7.5,7.08,0.11,No
885,Taiwan,Typica,7.5,7.5,7.25,7.42,7.25,0.11,No
886,Taiwan,Typica,7.58,7.33,7.42,7.33,7.33,0.11,No
887,Mexico,Typica,7.5,7.08,7.58,7.33,7.33,0.12,No
888,Guatemala,Bourbon,7.5,7.33,7.33,7.33,7.33,0.11,No
889,Mexico,Typica,7.25,7.58,7.67,7.67,7.58,0.13,No
890,Mexico,Bourbon,7.67,7.17,7.75,7.5,7.25,0.11,No
891,Mexico,Bourbon,7.5,7.33,7.42,7.42,7.42,0.11,No
892,Mexico,Bourbon,7.58,7.25,7.58,7.25,7.17,0.11,No
893,Mexico,Caturra,7.75,7.25,7.17,7.58,7.33,0.11,No
895,Other,Other,7.5,7.08,7.42,7.5,7.33,0.11,No
896,Guatemala,Bourbon,7.42,7.08,7.5,7.42,7.33,0.12,No
897,Taiwan,Typica,7.42,7.25,7.67,7.33,7.25,0.1,No
898,Other,Caturra,7.58,7.5,7.17,7.08,7.58,0.12,No
899,Other,Other,7.42,7.33,7.42,7.42,7.33,0.12,No
900,Other,Other,7.42,7.17,7.58,7.33,7.33,0.13,No
901,Taiwan,Typica,7.33,7.08,7.08,8.33,8.25,0.0,No
902,Brazil,Other,7.42,7.33,7.33,7.5,7.25,0.12,No
903,Guatemala,Bourbon,7.42,7.17,7.58,7.42,7.5,0.12,No
904,Mexico,Typica,7.67,7.42,7.5,6.75,7.42,0.12,No
905,Mexico,Other,7.33,7.25,7.5,7.5,7.17,0.11,No
906,Mexico,Typica,7.67,7.42,7.58,7.58,7.42,0.11,No
910,Guatemala,Bourbon,7.67,7.17,7.42,7.33,7.42,0.1,No
911,Other,Caturra,7.5,7.33,7.33,7.25,7.33,0.11,No
912,Other,Caturra,7.5,7.33,7.42,7.17,7.25,0.1,No
914,Taiwan,Typica,7.5,7.33,7.08,7.58,7.25,0.12,No
915,Other,Catuai,7.25,7.25,7.5,7.33,7.33,0.0,No
916,Other,Caturra,7.83,7.08,7.08,7.33,7.5,0.12,No
917,Other,Other,7.67,6.92,7.5,7.5,7.17,0.12,No
918,Guatemala,Other,7.5,7.17,7.58,7.25,7.42,0.12,No
919,Taiwan,Typica,7.42,7.67,7.33,7.42,7.5,0.11,No
920,Brazil,Other,7.58,7.5,7.67,7.67,7.83,0.0,No
921,Other,Other,7.42,7.25,7.42,7.42,7.33,0.11,No
922,Taiwan,Typica,7.5,7.25,7.25,7.33,7.33,0.11,No
923,Mexico,Typica,7.33,7.17,7.42,7.5,7.5,0.13,No
924,Mexico,Typica,7.58,7.25,7.42,7.33,7.33,0.12,No
925,Mexico,Catuai,7.42,7.17,7.42,7.17,8.0,0.12,No
926,Mexico,Typica,7.33,7.33,7.33,7.33,7.42,0.11,No
927,Mexico,Bourbon,7.42,7.33,7.17,7.25,7.42,0.13,No
928,Mexico,Typica,7.5,7.25,7.5,7.42,7.58,0.11,No
929,Other,Other,7.75,7.17,7.33,7.58,7.33,0.12,No
930,Brazil,Bourbon,7.5,7.17,7.42,7.5,7.33,0.12,No
934,Mexico,Other,7.58,7.08,7.33,7.5,7.33,0.12,No
935,Guatemala,Catuai,7.42,7.08,7.58,7.33,7.25,0.1,No
936,Brazil,Catuai,7.33,7.5,7.33,6.83,7.42,0.11,No
937,Other,Catuai,7.5,7.17,7.25,7.5,7.42,0.12,No
938,Taiwan,Typica,7.83,7.42,7.17,7.08,7.08,0.12,No
939,Other,Other,7.58,7.33,7.42,7.08,7.42,0.12,No
940,Brazil,Bourbon,7.25,7.42,7.17,7.33,7.33,0.0,No
941,Guatemala,Bourbon,7.42,7.17,7.42,7.42,7.42,0.1,No
942,Mexico,Typica,7.67,7.25,7.17,7.25,7.42,0.0,No
944,Guatemala,Bourbon,7.42,7.25,7.42,7.42,7.5,0.12,No
945,Mexico,Caturra,7.42,7.25,7.17,7.25,7.42,0.13,No
946,Mexico,Typica,7.42,7.25,7.25,7.5,7.33,0.13,No
947,Colombia,Caturra,7.5,7.25,7.17,7.17,7.75,0.11,No
951,Other,Caturra,7.5,7.0,7.17,7.5,7.33,0.11,No
953,Brazil,Catuai,7.25,7.33,7.33,7.33,7.42,0.11,No
954,Other,Catuai,7.58,7.17,7.42,7.17,7.17,0.09,No
955,Brazil,Other,7.17,7.42,7.25,7.42,7.33,0.12,No
956,Other,Other,7.08,7.42,7.33,7.33,7.5,0.14,No
957,Other,Other,7.75,7.08,7.33,7.33,7.25,0.13,No
958,Other,Catuai,7.33,7.17,7.33,7.5,7.33,0.12,No
959,Mexico,Typica,7.58,7.25,7.33,7.25,7.25,0.13,No
960,Mexico,Typica,7.33,7.17,7.42,7.58,7.33,0.12,No
961,Brazil,Catuai,7.5,7.5,7.5,7.75,7.83,0.11,No
962,Taiwan,Typica,7.83,7.67,7.83,7.83,7.75,0.12,No
963,Brazil,Other,7.17,7.17,7.08,6.92,8.17,0.0,No
964,Other,Catuai,7.08,7.33,7.17,7.42,7.25,0.1,No
965,Other,Catuai,7.42,7.17,7.5,7.33,7.25,0.12,No
966,Guatemala,Other,7.33,7.17,7.25,7.42,7.33,0.09,No
967,Other,Other,7.33,7.17,7.5,7.25,7.42,0.13,No
968,Taiwan,Typica,7.5,7.25,7.25,7.25,7.25,0.11,No
969,Guatemala,Caturra,7.5,7.5,7.58,7.0,7.25,0.11,No
970,Mexico,Typica,7.42,7.33,7.33,7.5,7.42,0.12,No
972,Other,Bourbon,7.67,7.17,7.33,7.5,7.17,0.12,No
973,Mexico,Caturra,7.75,7.08,7.25,7.08,7.25,0.12,No
974,Other,Caturra,7.5,7.33,7.17,7.08,7.17,0.11,No
975,Other,Catuai,7.42,7.0,7.42,7.33,7.33,0.13,No
976,Other,Caturra,6.83,7.42,7.17,7.5,7.42,0.12,No
977,Other,Typica,7.25,7.25,7.08,7.58,7.5,0.0,No
978,Other,Bourbon,7.58,7.17,7.33,7.33,7.25,0.12,No
979,Other,Caturra,7.58,7.33,7.08,7.33,7.33,0.12,No
980,Other,Catuai,7.33,7.33,7.25,7.33,7.58,0.11,No
982,Mexico,Typica,7.42,7.08,7.75,7.42,7.17,0.13,No
983,Guatemala,Caturra,7.42,7.33,7.25,7.25,7.42,0.12,No
984,Brazil,Other,7.42,7.25,7.42,7.5,7.17,0.12,No
987,Brazil,Other,7.58,7.5,7.25,7.75,7.58,0.11,No
988,Other,Other,7.33,7.33,7.42,7.33,7.33,0.11,No
989,Other,Other,7.42,7.33,7.42,7.25,7.33,0.0,No
990,Other,Other,7.42,7.33,7.25,7.25,7.33,0.13,No
991,Other,Caturra,7.42,7.17,7.25,7.25,7.58,0.13,No
992,Other,Other,7.67,7.67,7.58,7.58,7.67,0.0,No
993,Mexico,Typica,7.25,7.33,7.33,7.17,7.33,0.13,No
994,Mexico,Typica,7.33,7.33,7.42,7.25,7.42,0.12,No
995,Mexico,Typica,7.33,7.25,7.42,7.25,7.25,0.11,No
996,Mexico,Typica,7.42,7.25,7.42,7.17,7.25,0.1,No
999,Other,Bourbon,7.42,7.08,7.33,7.25,7.58,0.0,No
1001,Guatemala,Bourbon,7.42,7.17,7.5,7.25,7.17,0.09,No
1002,Colombia,Caturra,7.67,7.42,5.25,7.67,7.75,0.0,No
1003,Guatemala,Bourbon,7.5,7.0,7.25,7.5,7.25,0.11,No
1004,Taiwan,Typica,7.25,7.17,7.25,7.5,7.33,0.12,No
1005,Other,Caturra,7.42,7.25,7.33,7.25,7.17,0.12,No
1007,Other,Other,7.33,7.08,7.42,7.17,7.33,0.12,No
1008,Other,Other,7.33,7.17,7.33,7.42,7.42,0.12,No
1009,Taiwan,Typica,7.5,7.33,7.33,7.33,7.33,0.11,No
1011,Mexico,Other,7.08,7.33,7.33,7.42,7.25,0.12,No
1012,Mexico,Typica,7.58,7.5,7.67,7.58,7.5,0.0,No
1013,Taiwan,Other,7.33,7.25,7.33,7.33,7.25,0.0,No
1014,Guatemala,Bourbon,7.67,7.33,7.58,7.67,7.5,0.1,No
1015,Other,Other,7.17,7.5,7.5,8.0,7.75,0.11,No
1016,Mexico,Bourbon,7.5,7.17,7.42,7.5,7.33,0.11,No
1017,Other,Other,7.17,7.0,7.58,7.33,7.0,0.0,No
1019,Other,Other,7.33,7.17,7.25,7.42,7.33,0.12,No
1020,Brazil,Other,7.25,7.25,7.25,7.25,7.33,0.12,No
1021,Taiwan,Typica,7.92,7.33,7.08,7.08,7.08,0.09,No
1022,Brazil,Bourbon,7.17,7.17,7.25,7.25,7.33,0.1,No
1023,Other,Caturra,7.33,7.25,7.0,7.5,7.42,0.1,No
1024,Guatemala,Other,7.58,6.92,7.5,7.25,7.17,0.12,No
1025,Taiwan,Typica,7.42,7.25,7.25,7.25,7.25,0.11,No
1026,Taiwan,Typica,7.25,7.08,7.08,7.08,8.08,0.11,No
1027,Taiwan,Typica,7.42,7.25,7.25,7.25,7.25,0.11,No
1028,Mexico,Typica,7.58,7.08,7.5,7.17,7.25,0.13,No
1030,Other,Other,7.42,7.17,7.17,7.17,7.25,0.0,No
1031,Guatemala,Caturra,7.67,7.08,7.33,7.17,7.25,0.11,No
1032,Mexico,Catuai,7.17,7.25,7.42,7.25,7.33,0.13,No
1033,Mexico,Typica,7.33,7.33,7.33,7.25,7.17,0.11,No
1034,Mexico,Bourbon,7.5,7.33,7.25,7.17,7.17,0.13,No
1038,Other,Catuai,6.92,7.0,7.58,7.5,7.08,0.0,No
1039,Guatemala,Caturra,7.5,7.0,7.42,7.17,7.17,0.12,No
1040,Other,Other,7.25,7.17,7.25,7.33,7.25,0.12,No
1041,Other,Caturra,7.5,7.0,7.42,7.25,7.17,0.11,No
1042,Other,Caturra,7.25,7.17,7.33,7.33,7.17,0.11,No
1043,Other,Catuai,7.42,7.08,7.42,7.25,7.25,0.09,No
1044,Other,Catuai,7.25,7.08,7.5,7.25,7.33,0.13,No
1045,Other,Caturra,7.33,7.25,7.25,7.17,7.17,0.11,No
1046,Mexico,Typica,7.58,7.42,7.25,7.5,7.5,0.11,No
1047,Other,Typica,7.42,7.42,7.25,7.08,7.33,0.12,No
1050,Other,Other,7.58,7.0,7.67,7.5,7.5,0.13,No
1051,Guatemala,Bourbon,7.67,6.83,7.17,7.42,7.17,0.11,No
1052,Other,Caturra,7.83,7.67,7.67,7.83,7.5,0.11,No
1053,Other,Caturra,7.5,7.17,7.17,7.25,7.17,0.12,No
1054,Mexico,Typica,7.25,7.17,7.25,7.17,7.42,0.12,No
1055,Colombia,Caturra,7.67,7.42,7.67,7.5,7.75,0.0,No
1056,Guatemala,Bourbon,7.67,7.0,7.5,7.0,7.0,0.12,No
1062,Other,Other,7.25,7.08,7.33,7.33,7.25,0.12,No
1063,Brazil,Bourbon,7.42,7.33,7.0,7.08,7.25,0.0,No
1064,Other,Caturra,7.5,7.0,7.42,7.33,7.0,0.11,No
1065,Guatemala,Bourbon,7.17,6.83,7.5,7.17,7.25,0.11,No
1068,Taiwan,Other,7.17,7.17,7.42,7.17,7.25,0.0,No
1069,Guatemala,Caturra,7.33,7.08,7.17,7.25,7.17,0.1,No
1070,Other,Catuai,7.58,7.0,7.17,7.33,7.08,0.11,No
1072,Brazil,Other,7.25,7.17,7.5,7.33,7.25,0.11,No
1073,Other,Other,7.17,7.17,7.42,7.25,7.08,0.0,No
1074,Guatemala,Other,7.5,6.83,7.5,7.17,7.17,0.11,No
1075,Brazil,Other,7.42,7.08,7.33,7.67,7.5,0.1,No
1077,Guatemala,Bourbon,7.5,7.0,7.67,7.17,7.0,0.12,No
1078,Mexico,Typica,7.25,7.08,7.33,7.25,7.17,0.15,No
1080,Taiwan,Typica,7.58,7.17,7.17,7.17,7.17,0.14,No
1081,Other,Bourbon,7.33,7.08,7.08,7.33,7.17,0.0,No
1082,Other,Other,7.25,7.25,7.17,7.33,7.17,0.17,No
1083,Taiwan,Typica,7.25,7.17,7.25,7.25,7.25,0.11,No
1084,Mexico,Typica,6.92,7.08,7.5,7.33,7.17,0.1,No
1085,Mexico,Caturra,7.42,7.08,7.33,7.25,7.17,0.12,No
1087,Other,Bourbon,7.25,7.0,7.25,7.42,7.08,0.13,No
1089,Taiwan,Other,7.25,7.08,7.25,7.25,7.25,0.11,No
1090,Guatemala,Bourbon,7.33,6.83,7.5,7.0,7.17,0.11,No
1091,Mexico,Typica,7.25,7.08,7.33,7.33,7.17,0.11,No
1094,Brazil,Catuai,7.17,7.42,7.08,7.0,7.0,0.11,No
1095,Other,Caturra,7.25,7.0,7.0,7.42,7.0,0.1,No
1096,Mexico,Caturra,7.25,7.0,7.33,7.33,7.0,0.1,No
1097,Other,Other,8.0,7.0,7.33,7.08,6.92,0.11,No
1098,Other,Catuai,7.42,7.08,7.0,7.17,7.33,0.0,No
1099,Other,Caturra,7.08,7.0,7.25,7.5,7.25,0.11,No
1102,Taiwan,Typica,7.25,7.25,7.25,7.17,7.25,0.11,No
1103,Guatemala,Caturra,7.0,7.33,7.33,7.0,7.17,0.11,No
1104,Mexico,Caturra,7.58,7.17,7.25,6.75,7.0,0.11,No
1105,Other,Other,7.42,7.25,7.58,7.42,7.33,0.0,No
1106,Other,Caturra,7.17,7.08,7.33,7.25,7.08,0.11,No
1107,Other,Catuai,7.25,7.0,7.17,7.08,7.08,0.11,No
1108,Guatemala,Bourbon,7.33,7.0,7.17,7.17,7.17,0.11,No
1109,Mexico,Typica,7.33,6.92,7.42,7.25,7.08,0.11,No
1110,Mexico,Typica,7.58,7.33,7.5,7.08,7.17,0.14,No
1111,Mexico,Bourbon,7.33,7.17,7.08,7.25,7.0,0.12,No
1112,Guatemala,Bourbon,7.33,7.0,7.33,7.0,7.0,0.11,No
1114,Brazil,Bourbon,7.17,7.0,7.17,7.25,7.25,0.11,No
1115,Taiwan,Typica,7.42,7.25,7.17,7.0,7.0,0.07,No
1117,Taiwan,Typica,7.25,7.25,7.25,7.08,7.0,0.11,No
1118,Taiwan,Typica,7.25,7.25,7.0,7.25,7.08,0.11,No
1119,Taiwan,Typica,7.25,7.25,7.08,7.17,7.08,0.11,No
1120,Mexico,Typica,7.33,7.25,7.08,7.08,7.08,0.15,No
1121,Mexico,Typica,7.25,7.0,7.17,7.33,7.17,0.14,No
1122,Other,Caturra,7.33,6.92,7.08,7.42,7.17,0.1,No
1123,Other,Other,7.17,7.0,7.42,7.17,7.0,0.0,No
1124,Mexico,Typica,7.58,7.42,7.5,7.5,7.5,0.0,No
1125,Taiwan,Typica,7.25,7.25,7.0,7.25,7.0,0.11,No
1127,Mexico,Typica,7.25,7.08,7.17,7.33,7.33,0.12,No
1128,Mexico,Other,7.08,7.0,7.33,7.08,7.0,0.11,No
1132,Mexico,Bourbon,7.33,7.08,7.33,7.42,7.17,0.12,No
1133,Mexico,Other,7.17,6.92,7.25,7.33,7.08,0.12,No
1134,Mexico,Bourbon,7.5,7.0,7.17,7.25,7.08,0.0,No
1135,Mexico,Catuai,7.17,7.08,7.08,7.5,7.33,0.11,No
1136,Mexico,Typica,7.33,7.0,7.42,7.17,7.17,0.12,No
1137,Mexico,Other,7.17,7.08,7.58,7.33,7.08,0.11,No
1139,Other,Other,7.0,7.0,7.17,7.25,7.25,0.11,No
1140,Guatemala,Bourbon,7.33,6.92,7.33,7.25,7.33,0.1,No
1141,Other,Caturra,6.83,7.17,6.92,7.5,7.08,0.11,No
1142,Mexico,Typica,7.17,7.0,7.25,7.5,7.0,0.12,No
1144,Guatemala,Bourbon,7.5,7.25,7.58,7.33,7.42,0.1,No
1145,Taiwan,Typica,7.75,7.17,7.33,7.67,7.83,0.0,No
1146,Taiwan,Typica,7.08,7.25,7.0,7.17,7.17,0.1,No
1149,Other,Catuai,7.58,7.67,7.75,7.67,7.58,0.1,No
1150,Mexico,Typica,7.58,7.0,7.0,7.5,6.92,0.12,No
1151,Mexico,Bourbon,7.58,6.92,7.58,7.5,6.92,0.13,No
1152,Mexico,Bourbon,7.25,7.0,7.17,7.17,7.08,0.12,No
1153,Mexico,Bourbon,7.25,7.17,7.08,7.17,7.0,0.14,No
1154,Mexico,Typica,7.33,7.0,7.08,7.08,7.0,0.1,No
1156,Mexico,Typica,7.25,6.92,7.08,7.25,7.08,0.12,No
1157,Guatemala,Bourbon,7.42,7.25,7.58,7.42,7.33,0.1,No
1158,Other,Bourbon,7.25,7.0,6.83,7.33,7.17,0.0,No
1160,Guatemala,Bourbon,7.5,6.83,7.08,7.08,7.17,0.11,No
1161,Mexico,Typica,7.42,6.83,7.58,7.17,6.58,0.12,No
1162,Mexico,Caturra,7.33,7.0,6.75,7.08,7.0,0.13,No
1163,Mexico,Other,6.92,7.17,7.17,7.08,7.08,0.0,No
1165,Mexico,Typica,7.08,6.92,7.33,7.25,7.08,0.12,No
1166,Mexico,Caturra,7.25,6.92,7.33,7.25,7.0,0.13,No
1169,Other,Caturra,6.92,7.0,7.42,7.25,7.0,0.12,No
1170,Taiwan,Typica,6.92,7.17,7.0,7.42,7.0,0.0,No
1171,Colombia,Caturra,7.83,7.42,7.42,7.67,7.5,0.0,No
1172,Mexico,Caturra,7.25,6.92,7.25,7.58,7.08,0.12,No
1173,Mexico,Typica,7.25,7.0,7.25,7.17,7.17,0.12,No
1174,Guatemala,Bourbon,7.08,7.25,7.58,7.33,7.42,0.1,No
1175,Guatemala,Other,7.25,6.83,7.0,7.0,7.17,0.1,No
1176,Mexico,Typica,7.0,6.83,7.42,7.33,7.17,0.13,No
1178,Colombia,Caturra,7.42,6.75,7.25,7.42,7.25,0.0,No
1179,Mexico,Typica,7.0,6.83,7.33,7.42,6.92,0.14,No
1180,Mexico,Typica,7.42,7.08,7.17,7.08,7.08,0.14,No
1182,Taiwan,Typica,7.08,6.83,7.25,7.42,7.08,0.11,No
1183,Mexico,Bourbon,7.0,6.92,7.17,7.17,7.08,0.13,No
1184,Guatemala,Bourbon,7.33,7.33,7.42,7.5,7.42,0.1,No
1185,Other,Catuai,7.58,6.75,6.92,7.0,6.92,0.11,No
1186,Guatemala,Bourbon,7.08,6.92,7.42,7.0,6.92,0.11,No
1187,Guatemala,Catuai,7.25,6.75,7.25,7.0,6.92,0.11,No
1189,Mexico,Typica,7.25,6.92,7.08,7.17,7.17,0.14,No
1190,Mexico,Typica,7.17,6.92,7.08,7.17,7.0,0.14,No
1191,Mexico,Typica,6.75,6.83,7.25,7.58,7.08,0.01,No
1192,Guatemala,Bourbon,7.58,7.42,7.42,7.67,7.67,0.1,No
1193,Other,Other,7.42,6.75,7.33,7.33,6.92,0.13,No
1194,Mexico,Typica,7.33,6.92,7.25,7.33,7.08,0.16,No
1195,Mexico,Other,7.25,6.75,7.33,7.42,7.0,0.11,No
1196,Mexico,Typica,7.17,7.25,7.17,7.25,7.08,0.1,No
1198,Guatemala,Other,7.33,6.58,7.42,7.08,6.83,0.12,No
1199,Other,Other,7.0,7.0,7.0,7.0,7.0,0.11,No
1200,Other,Typica,7.67,7.08,7.25,8.0,7.5,0.0,No
1201,Mexico,Other,6.75,6.67,7.25,7.17,7.08,0.12,No
1202,Mexico,Typica,7.5,6.92,7.5,7.25,7.0,0.14,No
1203,Mexico,Typica,7.17,6.83,7.25,7.17,6.92,0.14,No
1204,Mexico,Typica,7.33,6.75,7.08,7.17,7.25,0.12,No
1205,Mexico,Typica,7.5,6.92,7.08,6.92,6.75,0.16,No
1206,Other,Caturra,7.17,6.92,7.0,7.0,7.0,0.1,No
1208,Guatemala,Bourbon,7.33,6.33,7.25,7.0,7.0,0.12,No
1209,Mexico,Typica,7.25,6.83,7.0,7.17,7.0,0.14,No
1210,Mexico,Typica,7.25,7.17,7.25,7.08,7.0,0.14,No
1211,Mexico,Bourbon,7.67,6.83,7.33,7.58,7.17,0.12,No
1212,Other,Typica,7.0,6.83,7.17,7.17,7.17,0.0,No
1213,Mexico,Caturra,6.92,6.67,7.25,7.17,6.92,0.13,No
1216,Guatemala,Other,7.33,6.92,7.58,7.25,7.17,0.12,No
1217,Taiwan,Typica,6.83,7.17,7.25,7.0,6.92,0.1,No
1218,Mexico,Typica,7.0,6.75,7.33,6.92,6.92,0.13,No
1219,Mexico,Typica,7.92,7.58,7.92,7.92,7.5,0.1,No
1221,Mexico,Bourbon,7.25,6.92,6.92,7.25,7.58,0.0,No
1222,Mexico,Typica,7.08,6.83,7.0,7.0,6.92,0.12,No
1223,Mexico,Caturra,7.25,7.0,6.83,7.58,7.08,0.13,No
1225,Mexico,Typica,7.58,7.0,7.17,7.33,7.0,0.14,No
1227,Guatemala,Other,7.17,6.67,7.0,7.17,7.17,0.1,No
1228,Guatemala,Bourbon,7.17,6.5,7.17,7.0,6.83,0.11,No
1229,Mexico,Typica,7.25,7.0,7.5,7.33,7.42,0.13,No
1233,Other,Other,6.92,6.92,6.92,6.92,6.83,0.13,No
1234,Mexico,Typica,7.08,6.67,7.25,7.25,6.92,0.11,No
1235,Taiwan,Other,7.5,7.33,7.17,7.5,7.5,0.0,No
1236,Other,Other,6.83,6.67,7.0,7.0,6.83,0.11,No
1238,Guatemala,Other,7.42,6.83,7.33,7.0,6.92,0.1,No
1239,Other,Typica,7.33,6.92,7.08,7.33,7.0,0.1,No
1240,Guatemala,Bourbon,7.0,6.83,7.17,6.67,6.83,0.11,No
1241,Mexico,Other,7.25,7.0,7.0,7.25,7.08,0.12,No
1243,Other,Caturra,7.5,7.42,7.0,7.08,6.83,0.12,No
1244,Mexico,Typica,7.42,7.0,7.0,7.25,7.08,0.11,No
1248,Guatemala,Bourbon,7.0,6.67,7.17,6.83,6.83,0.11,No
1249,Taiwan,Typica,7.17,6.58,7.33,7.33,7.17,0.11,No
1251,Mexico,Typica,7.17,6.58,6.75,6.83,6.75,0.13,No
1252,Guatemala,Bourbon,7.08,6.33,7.0,6.92,7.0,0.11,No
1253,Brazil,Bourbon,7.5,7.42,7.58,7.58,6.92,0.0,No
1254,Guatemala,Other,7.33,6.83,7.17,7.17,7.17,0.1,No
1255,Mexico,Typica,7.33,6.67,7.0,6.92,6.92,0.15,No
1256,Other,Typica,6.83,6.83,6.75,6.92,6.92,0.1,No
1258,Mexico,Other,7.08,7.0,7.25,7.33,7.25,0.12,No
1259,Other,Caturra,7.42,7.42,7.67,7.92,7.83,0.0,No
1261,Mexico,Typica,6.67,6.42,6.83,7.0,6.92,0.0,No
1263,Mexico,Typica,7.17,6.58,7.0,7.25,6.58,0.13,No
1264,Guatemala,Bourbon,7.5,6.83,7.5,7.17,7.33,0.11,No
1268,Mexico,Typica,7.42,6.83,7.08,6.92,6.83,0.16,No
1269,Other,Other,7.33,6.5,6.08,7.58,6.33,0.12,No
1270,Mexico,Bourbon,7.08,6.83,7.17,7.17,7.08,0.12,No
1271,Other,Other,6.83,6.67,6.83,7.0,6.83,0.11,No
1274,Guatemala,Bourbon,7.92,7.17,7.58,7.33,7.17,0.11,No
1276,Mexico,Other,7.5,6.92,7.0,7.17,6.83,0.11,No
1277,Mexico,Other,7.17,6.67,6.83,7.25,7.75,0.11,No
1278,Mexico,Other,7.25,6.67,7.08,7.17,6.83,0.12,No
1279,Mexico,Typica,7.17,6.83,7.17,7.42,6.67,0.13,No
1280,Mexico,Typica,7.0,6.75,6.92,7.17,6.83,0.14,No
1281,Mexico,Typica,7.08,6.58,7.0,7.0,6.75,0.17,No
1282,Mexico,Typica,7.33,6.67,7.25,7.5,7.0,0.12,No
1285,Mexico,Typica,7.08,6.83,7.5,7.33,6.83,0.12,No
1287,Guatemala,Bourbon,6.5,6.5,7.5,7.33,6.83,0.11,No
1288,Mexico,Typica,7.0,6.67,6.83,7.08,6.83,0.14,No
1289,Mexico,Typica,6.92,6.17,7.33,7.25,6.75,0.13,No
1290,Mexico,Typica,7.67,7.17,7.58,7.33,7.33,0.12,No
1293,Other,Other,7.0,6.83,7.17,7.0,7.17,0.11,No
1294,Mexico,Typica,7.08,6.92,7.08,6.92,6.92,0.0,No
1298,Other,Caturra,6.33,6.33,6.83,6.33,6.5,0.11,No
1299,Mexico,Other,6.92,6.92,6.92,7.17,7.0,0.12,No
1300,Mexico,Bourbon,6.5,6.42,7.17,7.33,6.5,0.11,No
1301,Mexico,Typica,6.92,6.83,6.92,7.42,6.92,0.12,No
1303,Other,Catuai,6.67,6.17,6.67,6.83,6.17,0.1,No
1304,Other,Catuai,7.0,6.17,6.67,6.5,6.17,0.1,No
1305,Other,Catuai,7.0,6.17,6.5,6.67,6.17,0.1,No
1306,Mexico,Bourbon,7.08,6.25,7.42,7.25,6.75,0.11,No
1307,Other,Typica,6.75,6.42,6.67,7.08,6.67,0.14,No
1308,Other,Caturra,7.25,6.33,6.25,6.42,6.08,0.13,No
1309,Guatemala,Catuai,7.5,6.67,7.67,7.33,6.67,0.1,No
1310,Other,Caturra,0.0,0.0,0.0,0.0,0.0,0.12,No
1319,Other,Other,7.67,7.58,7.83,7.83,8.0,0.09,Yes
1322,Other,Other,7.67,7.75,7.5,7.75,7.58,0.11,No
1333,Other,Other,7.92,7.42,7.42,7.42,7.42,0.0,No
